00A9	hawlfraint
00AE	cofrestredig
203C	ebychnod dwbl
2049	marc cwestiwn ag ebychnod
2122	nod masnachu
2139	gwybodaeth
231A	oriawr
231B	awrwydr
23E9	botwm blaenyrru cyflym
23EA	botwm cildroi cyflym
23EB	botwm i fyny cyflym
23EC	botwm i lawr cyflym
23ED	botwm trac nesaf
23EE	botwm trac olaf
23EF	botwm chwarae neu saib
23F0	cloc larwm
23F1	stop wats
23F2	cloc ag amserydd
23F3	awrwydr gyda thywod yn llifo
25AA	sgwâr bach du
25AB	sgwâr bach gwyn
25B6	botwm chwarae
25C0	botwm cildroi
25FB	sgwâr canolig gwyn
25FC	sgwâr canolig du
25FD	sgwâr canolig-bach gwyn
25FE	sgwâr canolig-bach du
2600	haul
2601	cwmwl
2602	ymbarel
2603	dyn eira
2604	comed
260E	ffôn
2611	blwch pleidlais gyda thic
2614	ymbarel gyda glaw
2615	diod boeth
2618	samrog
261D	mynegfys yn pwyntio i fyny
2620	penglog ac esgyrn croes
2622	ymbelydrol
2623	bioberyg
2626	croes uniongred
262A	seren a chilgant
262E	symbol hedd
262F	yin yang
2638	olwyn dharma
2639	wyneb gwgus
263A	wyneb yn gwenu
2640	arwydd benyw
2642	arwydd gwrw
2648	yr Hwrdd
2649	y Tarw
264A	yr Efeilliaid
264B	y Cranc
264C	y Llew
264D	y Forwyn
264E	y Fantol
264F	y Sgorpion
2650	y Saethydd
2651	yr afr
2652	y Dyfrwr
2653	y Pysgod
265F	gwerinwr gwyddbwyll
2660	siwt rhofiau
2663	siwt clybiau
2665	siwt calonnau
2666	siwt diemwntau
2668	tarddelli poeth
266D	flat
266F	sharp
267B	symbol ailgylchu
267E	anfeidredd
267F	cadair olwyn
2692	morthwyl a chaib
2693	angor
2694	cleddyfau wedi croesi
2695	arwydd meddygol
2696	clorian
2697	distyllydd
2699	gêr
269B	symbol o atom
269C	gellesgen
26A0	rhybudd
26A1	foltedd uchel
26AA	cylch gwyn
26AB	cylch du
26B0	arch
26B1	wrn angladd
26BD	pêl droed
26BE	pêl fas
26C4	dyn eira heb eira
26C5	haul tu ôl i gwmwl
26C8	cwmwl â mellt a glaw
26CE	ophiuchus
26CF	caib
26D1	helmed â chroes wen
26D3	cadwyni
26D4	dim mynediad
26E9	cysegrfa shinto
26EA	eglwys
26F0	mynydd
26F1	ymbarel ar lawr
26F2	ffynnon
26F3	baner mewn twll
26F4	fferi
26F5	cwch hwylio
26F7	sgïwr
26F8	sglefrio iâ
26F9	person â phêl
26FA	pabell
26FD	pwmp tanwydd
2702	siswrn
2705	marc tic gwyn trwm
2708	awyren
2709	amlen
270A	dwrn wedi codi
270B	llaw wedi codi
270C	llaw fuddugol
270D	dwylo yn ysgrifennu
270F	pensil
2712	nib du
2714	marc tic trwm
2716	lluosi x trwm
271D	croes ladin
2721	seren Dafydd
2728	gwreichion
2733	asterics wyth pwynt
2734	seren wyth pwynt
2744	pluen eira
2747	fflachiad
274C	marc croes
274E	botwm croes
2753	marc cwestiwn
2754	marc cwestiwn gwyn
2755	ebychnod gwyn
2757	ebychnod
2763	ebychiad trwm galon
2764	calon goch
2795	arwydd adio trwm
2796	arwydd tynnu trwm
2797	arwydd rhannu trwm
27A1	saeth i’r dde
27B0	dolen gyrliog
27BF	dolen gyrliog ddwbl
2B05	saeth i’r chwith
2B06	saeth i fyny
2B07	saeth i lawr
2B1B	sgwâr mawr du
2B1C	sgwâr mawr wyn
2B50	seren ganolig wen
2B55	cylch mawr trwm
3030	llinell donnog
303D	marc aryneilio rhannol
3297	ideograff cyfarchion mewn cylch
3299	ideograff cyfrinach mewn cylch
1F004	draig goch mahjong
1F0CF	cellweiriwr
1F1E6 1F1E8	baner Ynys Ascension
1F1E6 1F1E9	baner Andorra
1F1E6 1F1EA	baner Emiradau Arabaidd Unedig
1F1E6 1F1EB	baner Afghanistan
1F1E6 1F1EC	baner Antigua a Barbuda
1F1E6 1F1EE	baner Anguilla
1F1E6 1F1F1	baner Albania
1F1E6 1F1F2	baner Armenia
1F1E6 1F1F4	baner Angola
1F1E6 1F1F6	baner Antarctica
1F1E6 1F1F7	baner Yr Ariannin
1F1E6 1F1F8	baner Samoa America
1F1E6 1F1F9	baner Awstria
1F1E6 1F1FA	baner Awstralia
1F1E6 1F1FC	baner Aruba
1F1E6 1F1FD	baner Ynysoedd Åland
1F1E6 1F1FF	baner Azerbaijan
1F1E7 1F1E6	baner Bosnia & Herzegovina
1F1E7 1F1E7	baner Barbados
1F1E7 1F1E9	baner Bangladesh
1F1E7 1F1EA	baner Gwlad Belg
1F1E7 1F1EB	baner Burkina Faso
1F1E7 1F1EC	baner Bwlgaria
1F1E7 1F1ED	baner Bahrain
1F1E7 1F1EE	baner Burundi
1F1E7 1F1EF	baner Benin
1F1E7 1F1F1	baner Saint Barthélemy
1F1E7 1F1F2	baner Bermuda
1F1E7 1F1F3	baner Brunei
1F1E7 1F1F4	baner Bolifia
1F1E7 1F1F6	baner Antilles yr Iseldiroedd
1F1E7 1F1F7	baner Brasil
1F1E7 1F1F8	baner Y Bahamas
1F1E7 1F1F9	baner Bhutan
1F1E7 1F1FB	baner Ynys Bouvet
1F1E7 1F1FC	baner Botswana
1F1E7 1F1FE	baner Belarws
1F1E7 1F1FF	baner Belize
1F1E8 1F1E6	baner Canada
1F1E8 1F1E8	baner Ynysoedd Cocos (Keeling)
1F1E8 1F1E9	baner Y Congo - Kinshasa
1F1E8 1F1EB	baner Gweriniaeth Canolbarth Affrica
1F1E8 1F1EC	baner Y Congo - Brazzaville
1F1E8 1F1ED	baner Y Swistir
1F1E8 1F1EE	baner Côte d’Ivoire
1F1E8 1F1F0	baner Ynysoedd Cook
1F1E8 1F1F1	baner Chile
1F1E8 1F1F2	baner Camerŵn
1F1E8 1F1F3	baner Tsieina
1F1E8 1F1F4	baner Colombia
1F1E8 1F1F5	baner Ynys Clipperton
1F1E8 1F1F7	baner Costa Rica
1F1E8 1F1FA	baner Ciwba
1F1E8 1F1FB	baner Cabo Verde
1F1E8 1F1FC	baner Curaçao
1F1E8 1F1FD	baner Ynys y Nadolig
1F1E8 1F1FE	baner Cyprus
1F1E8 1F1FF	baner Tsiecia
1F1E9 1F1EA	baner Yr Almaen
1F1E9 1F1EC	baner Diego Garcia
1F1E9 1F1EF	baner Djibouti
1F1E9 1F1F0	baner Denmarc
1F1E9 1F1F2	baner Dominica
1F1E9 1F1F4	baner Gweriniaeth Dominica
1F1E9 1F1FF	baner Algeria
1F1EA 1F1E6	baner Ceuta a Melilla
1F1EA 1F1E8	baner Ecuador
1F1EA 1F1EA	baner Estonia
1F1EA 1F1EC	baner Yr Aifft
1F1EA 1F1ED	baner Gorllewin Sahara
1F1EA 1F1F7	baner Eritrea
1F1EA 1F1F8	baner Sbaen
1F1EA 1F1F9	baner Ethiopia
1F1EA 1F1FA	baner Yr Undeb Ewropeaidd
1F1EB 1F1EE	baner Y Ffindir
1F1EB 1F1EF	baner Fiji
1F1EB 1F1F0	baner Ynysoedd y Falkland/Malvinas
1F1EB 1F1F2	baner Micronesia
1F1EB 1F1F4	baner Ynysoedd Ffaro
1F1EB 1F1F7	baner Ffrainc
1F1EC 1F1E6	baner Gabon
1F1EC 1F1E7	baner Y Deyrnas Unedig
1F1EC 1F1E9	baner Grenada
1F1EC 1F1EA	baner Georgia
1F1EC 1F1EB	baner Guyane Ffrengig
1F1EC 1F1EC	baner Ynys y Garn
1F1EC 1F1ED	baner Ghana
1F1EC 1F1EE	baner Gibraltar
1F1EC 1F1F1	baner Yr Ynys Las
1F1EC 1F1F2	baner Gambia
1F1EC 1F1F3	baner Guinée
1F1EC 1F1F5	baner Guadeloupe
1F1EC 1F1F6	baner Guinea Gyhydeddol
1F1EC 1F1F7	baner Gwlad Groeg
1F1EC 1F1F8	baner De Georgia ac Ynysoedd Sandwich y De
1F1EC 1F1F9	baner Guatemala
1F1EC 1F1FA	baner Guam
1F1EC 1F1FC	baner Guiné-Bissau
1F1EC 1F1FE	baner Guyana
1F1ED 1F1F0	baner Hong Kong RhGA Tsieina
1F1ED 1F1F2	baner Ynys Heard ac Ynysoedd McDonald
1F1ED 1F1F3	baner Honduras
1F1ED 1F1F7	baner Croatia
1F1ED 1F1F9	baner Haiti
1F1ED 1F1FA	baner Hwngari
1F1EE 1F1E8	baner Yr Ynysoedd Dedwydd
1F1EE 1F1E9	baner Indonesia
1F1EE 1F1EA	baner Iwerddon
1F1EE 1F1F1	baner Israel
1F1EE 1F1F2	baner Ynys Manaw
1F1EE 1F1F3	baner India
1F1EE 1F1F4	baner Tiriogaeth Brydeinig Cefnfor India
1F1EE 1F1F6	baner Irac
1F1EE 1F1F7	baner Iran
1F1EE 1F1F8	baner Gwlad yr Iâ
1F1EE 1F1F9	baner Yr Eidal
1F1EF 1F1EA	baner Jersey
1F1EF 1F1F2	baner Jamaica
1F1EF 1F1F4	baner Gwlad Iorddonen
1F1EF 1F1F5	baner Japan
1F1F0 1F1EA	baner Kenya
1F1F0 1F1EC	baner Kyrgyzstan
1F1F0 1F1ED	baner Cambodia
1F1F0 1F1EE	baner Kiribati
1F1F0 1F1F2	baner Comoros
1F1F0 1F1F3	baner Saint Kitts a Nevis
1F1F0 1F1F5	baner Gogledd Korea
1F1F0 1F1F7	baner De Korea
1F1F0 1F1FC	baner Kuwait
1F1F0 1F1FE	baner Ynysoedd Cayman
1F1F0 1F1FF	baner Kazakstan
1F1F1 1F1E6	baner Laos
1F1F1 1F1E7	baner Libanus
1F1F1 1F1E8	baner Saint Lucia
1F1F1 1F1EE	baner Liechtenstein
1F1F1 1F1F0	baner Sri Lanka
1F1F1 1F1F7	baner Liberia
1F1F1 1F1F8	baner Lesotho
1F1F1 1F1F9	baner Lithuania
1F1F1 1F1FA	baner Lwcsembwrg
1F1F1 1F1FB	baner Latfia
1F1F1 1F1FE	baner Libya
1F1F2 1F1E6	baner Moroco
1F1F2 1F1E8	baner Monaco
1F1F2 1F1E9	baner Moldofa
1F1F2 1F1EA	baner Montenegro
1F1F2 1F1EB	baner Saint Martin
1F1F2 1F1EC	baner Madagascar
1F1F2 1F1ED	baner Ynysoedd Marshall
1F1F2 1F1F0	baner Macedonia
1F1F2 1F1F1	baner Mali
1F1F2 1F1F2	baner Myanmar (Burma)
1F1F2 1F1F3	baner Mongolia
1F1F2 1F1F4	baner Macau RhGA Tsieina
1F1F2 1F1F5	baner Ynysoedd Gogledd Mariana
1F1F2 1F1F6	baner Martinique
1F1F2 1F1F7	baner Mauritania
1F1F2 1F1F8	baner Montserrat
1F1F2 1F1F9	baner Malta
1F1F2 1F1FA	baner Mauritius
1F1F2 1F1FB	baner Y Maldives
1F1F2 1F1FC	baner Malawi
1F1F2 1F1FD	baner Mecsico
1F1F2 1F1FE	baner Malaysia
1F1F2 1F1FF	baner Mozambique
1F1F3 1F1E6	baner Namibia
1F1F3 1F1E8	baner Caledonia Newydd
1F1F3 1F1EA	baner Niger
1F1F3 1F1EB	baner Ynys Norfolk
1F1F3 1F1EC	baner Nigeria
1F1F3 1F1EE	baner Nicaragua
1F1F3 1F1F1	baner Yr Iseldiroedd
1F1F3 1F1F4	baner Norwy
1F1F3 1F1F5	baner Nepal
1F1F3 1F1F7	baner Nauru
1F1F3 1F1FA	baner Niue
1F1F3 1F1FF	baner Seland Newydd
1F1F4 1F1F2	baner Oman
1F1F5 1F1E6	baner Panama
1F1F5 1F1EA	baner Periw
1F1F5 1F1EB	baner Polynesia Ffrengig
1F1F5 1F1EC	baner Papua Guinea Newydd
1F1F5 1F1ED	baner Y Philipinau
1F1F5 1F1F0	baner Pakistan
1F1F5 1F1F1	baner Gwlad Pwyl
1F1F5 1F1F2	baner Saint-Pierre-et-Miquelon
1F1F5 1F1F3	baner Ynysoedd Pitcairn
1F1F5 1F1F7	baner Puerto Rico
1F1F5 1F1F8	baner Tiriogaethau Palesteinaidd
1F1F5 1F1F9	baner Portiwgal
1F1F5 1F1FC	baner Palau
1F1F5 1F1FE	baner Paraguay
1F1F6 1F1E6	baner Qatar
1F1F7 1F1EA	baner Réunion
1F1F7 1F1F4	baner Rwmania
1F1F7 1F1F8	baner Serbia
1F1F7 1F1FA	baner Rwsia
1F1F7 1F1FC	baner Rwanda
1F1F8 1F1E6	baner Saudi Arabia
1F1F8 1F1E7	baner Ynysoedd Solomon
1F1F8 1F1E8	baner Seychelles
1F1F8 1F1E9	baner Swdan
1F1F8 1F1EA	baner Sweden
1F1F8 1F1EC	baner Singapore
1F1F8 1F1ED	baner Saint Helena
1F1F8 1F1EE	baner Slofenia
1F1F8 1F1EF	baner Svalbard a Jan Mayen
1F1F8 1F1F0	baner Slofacia
1F1F8 1F1F1	baner Sierra Leone
1F1F8 1F1F2	baner San Marino
1F1F8 1F1F3	baner Senegal
1F1F8 1F1F4	baner Somalia
1F1F8 1F1F7	baner Suriname
1F1F8 1F1F8	baner De Swdan
1F1F8 1F1F9	baner São Tomé a Príncipe
1F1F8 1F1FB	baner El Salvador
1F1F8 1F1FD	baner Sint Maarten
1F1F8 1F1FE	baner Syria
1F1F8 1F1FF	baner Gwlad Swazi
1F1F9 1F1E6	baner Tristan da Cunha
1F1F9 1F1E8	baner Ynysoedd Turks a Caicos
1F1F9 1F1E9	baner Tchad
1F1F9 1F1EB	baner Tiroedd Deheuol ac Antarctig Ffrainc
1F1F9 1F1EC	baner Togo
1F1F9 1F1ED	baner Gwlad Thai
1F1F9 1F1EF	baner Tajikistan
1F1F9 1F1F0	baner Tokelau
1F1F9 1F1F1	baner Timor-Leste
1F1F9 1F1F2	baner Turkmenistan
1F1F9 1F1F3	baner Tunisia
1F1F9 1F1F4	baner Tonga
1F1F9 1F1F7	baner Twrci
1F1F9 1F1F9	baner Trinidad a Tobago
1F1F9 1F1FB	baner Tuvalu
1F1F9 1F1FC	baner Taiwan
1F1F9 1F1FF	baner Tanzania
1F1FA 1F1E6	baner Wcráin
1F1FA 1F1EC	baner Uganda
1F1FA 1F1F2	baner Ynysoedd Pellennig UDA
1F1FA 1F1F3	baner y Cenhedloedd Unedig
1F1FA 1F1F8	baner Yr Unol Daleithiau
1F1FA 1F1FE	baner Uruguay
1F1FA 1F1FF	baner Uzbekistan
1F1FB 1F1E6	baner Y Fatican
1F1FB 1F1E8	baner Saint Vincent a’r Grenadines
1F1FB 1F1EA	baner Venezuela
1F1FB 1F1EC	baner Ynysoedd Gwyryf Prydain
1F1FB 1F1EE	baner Ynysoedd Gwyryf yr Unol Daleithiau
1F1FB 1F1F3	baner Fietnam
1F1FB 1F1FA	baner Vanuatu
1F1FC 1F1EB	baner Wallis a Futuna
1F1FC 1F1F8	baner Samoa
1F1FD 1F1F0	baner Kosovo
1F1FE 1F1EA	baner Yemen
1F1FE 1F1F9	baner Mayotte
1F1FF 1F1E6	baner De Affrica
1F1FF 1F1F2	baner Zambia
1F1FF 1F1FC	baner Zimbabwe
1F300	seiclon
1F301	niwlog
1F302	ymbarel ar gau
1F303	noson â sêr
1F304	codiad haul dros fynyddoedd
1F305	codiad haul
1F306	dinaslun cyfnos
1F307	machlud haul
1F308	enfys
1F309	pont gyda’r nos
1F30A	ton ddŵr
1F30B	llosgfynydd
1F30C	y llwybr llaethog
1F30D	glôb yn dangos Ewrop-Affrica
1F30E	glôb yn dangos yr Americas
1F30F	glôb yn dangos Asia-Awstralia
1F310	glôb gyda meridianau
1F311	lleuad newydd
1F312	lleuad gilgant ar ei chynnydd
1F313	lleuad chwarter cyntaf
1F314	lleuad amgrwm ar ei chynnydd
1F315	lleuad lawn
1F316	lleuad amgrwm ar ei chil
1F317	lleuad chwarter olaf
1F318	lleuad cilgant ar ei chil
1F319	lleuad gilgant
1F31A	wyneb lleuad newydd
1F31B	lleuad chwarter cyntaf gydag wyneb
1F31C	lleuad chwarter olaf gydag wyneb
1F31D	lleuad lawn gydag wyneb
1F31E	lleuad ag wyneb
1F31F	seren yn tywynnu
1F320	seren wib
1F321	thermomedr
1F324	haul tu ôl i gwmwl bach
1F325	haul tu ôl i gwmwl mawr
1F326	haul tu ôl i gwmwl gyda glaw
1F327	cwmwl gyda glaw
1F328	cwmwl gydag eira
1F329	cwmwl gyda mellt
1F32A	corwynt
1F32B	niwl
1F32C	wyneb gwyntog
1F32D	selsigen mewn bynen
1F32E	taco
1F32F	burrito
1F330	castan
1F331	eginblanhigyn
1F332	bythwyrdd
1F333	coeden gollddail
1F334	palmwydden
1F335	cactws
1F336	pupur twym
1F337	tiwlip
1F338	blodeuyn ceirios
1F339	rhosyn
1F33A	hibisgws
1F33B	blodyn haul
1F33C	blodeuyn
1F33D	tywysen o gorn
1F33E	ysgub o reis
1F33F	llysieuyn
1F340	meillionen pedair deilen
1F341	deilen masarnen
1F342	deilen yn cwympo
1F343	deilen yn crynu yn y gwynt
1F344	madarch
1F345	tomato
1F346	ŵylyst
1F347	grawnwin
1F348	melon
1F349	melon dŵr
1F34A	tanjerin
1F34B	lemwn
1F34C	banana
1F34D	pinafal
1F34E	afal coch
1F34F	afal gwyrdd
1F350	peren
1F351	eirinen wlanog
1F352	ceirios
1F353	mefus
1F354	hambyrgyr
1F355	pitsa
1F356	cig ar yr asgwrn
1F357	coes o ffowls
1F358	cracer reis
1F359	pêl reis
1F35A	reis wedi’i goginio
1F35B	reis cyrri
1F35C	bowlen yn stemio
1F35D	sbageti
1F35E	bara
1F35F	sglodion
1F360	taten felys wedi’i rostio
1F361	dango
1F362	oden
1F363	swshi
1F364	berdysyn wedi’i ffrio
1F365	cacen bysgod gyda chwyrlïad
1F366	hufen iâ meddal
1F367	iâ wedi’i siafio
1F368	hufen iâ
1F369	toesen
1F36A	bisgeden
1F36B	bar o siocled
1F36C	losin
1F36D	lolipop
1F36E	cwstard
1F36F	pot mêl
1F370	cacen fer
1F371	bocs bento
1F372	llestr o fwyd
1F373	coginio
1F374	fforc a chyllell
1F375	cwpan te heb ddolen
1F376	sake
1F377	gwydr gwin
1F378	gwydr coctel
1F379	diod drofannol
1F37A	mwg cwrw
1F37B	mygiau cwrw yn clincian
1F37C	botel babi
1F37D	fforc a chyllell gyda phlât
1F37E	potel gyda chorcyn yn popian
1F37F	pop gorn
1F380	rhuban
1F381	anrheg wedi’i lapio
1F382	cacen pen-blwydd
1F383	jack-o-lantern
1F384	coeden nadolig
1F385	Siôn Corn
1F386	tân gwyllt
1F387	ffon wreichion
1F388	balŵn
1F389	popiwr parti
1F38A	pelen gonffeti
1F38B	coeden tanabata
1F38C	baneri â chroesau
1F38D	addurn pinwydden
1F38E	doliau Japaneaidd
1F38F	baner y carp
1F390	clychsain wynt
1F391	seremoni’r lleuad
1F392	bag ysgol
1F393	cap graddio
1F396	medal filwrol
1F397	rhuban atgoffa
1F399	meicroffon stiwdio
1F39A	llithrydd lefel
1F39B	dyrnau rheoli
1F39E	fframiau ffilm
1F39F	tocynnau mynediad
1F3A0	ceffyl carwsél
1F3A1	olwyn fawr
1F3A2	cert sglefrio
1F3A3	polyn pysgota
1F3A4	meicroffon
1F3A5	camera ffilm
1F3A6	sinema
1F3A7	clustffon
1F3A8	palet arlunydd
1F3A9	het silc
1F3AA	tent syrcas
1F3AB	tocyn
1F3AC	clepiwr
1F3AD	celfyddydau perfformiadol
1F3AE	gêm fideo
1F3AF	ergyd uniongyrchol
1F3B0	peiriant slot
1F3B1	biliards
1F3B2	dis
1F3B3	bowlio
1F3B4	cardiau chwarae blodau
1F3B5	nodyn cerddorol
1F3B6	nodau cerddorol
1F3B7	sacsoffon
1F3B8	gitâr
1F3B9	allweddell
1F3BA	trwmped
1F3BB	ffidl
1F3BC	sgôr cerddorol
1F3BD	crys rhedeg
1F3BE	tenis
1F3BF	sgîs
1F3C0	pêl fasged
1F3C1	baner frith
1F3C2	eirafyrddiwr
1F3C3	person yn rhedeg
1F3C4	person yn syrffio
1F3C5	medal chwaraeon
1F3C6	tlws
1F3C7	rasio ceffylau
1F3C8	pêl droed Americanaidd
1F3C9	pêl rygbi
1F3CA	person yn nofio
1F3CB	person yn codi pwysau
1F3CC	person yn chwarae golff
1F3CD	beic modur
1F3CE	car rasio
1F3CF	criced
1F3D0	pêl-foli
1F3D1	hoci cae
1F3D2	cnap a ffon hoci iâ
1F3D3	ping-pong
1F3D4	mynydd wedi’i orchuddio mewn eira
1F3D5	gwersyllu
1F3D6	traeth ag ymbarél
1F3D7	adeiladwaith adeilad
1F3D8	tai
1F3D9	dinaslun
1F3DA	tŷ gwag
1F3DB	adeilad clasurol
1F3DC	anialwch
1F3DD	ynys anghyfannedd
1F3DE	parc cenedlaethol
1F3DF	stadiwm
1F3E0	tŷ
1F3E1	tŷ gyda gardd
1F3E2	adeilad o swyddfa
1F3E3	swyddfa bost Japaneaidd
1F3E4	swyddfa bost
1F3E5	ysbyty
1F3E6	banc
1F3E7	arwydd peiriant codi arian
1F3E8	gwesty
1F3E9	gwesty cariad
1F3EA	siop gyfleus
1F3EB	ysgol
1F3EC	siop adrannol
1F3ED	ffatri
1F3EE	llusern bapur coch
1F3EF	castell Japaneaidd
1F3F0	castell
1F3F3	chwifio baner wen
1F3F4	chwifio baner ddu
1F3F5	rhosglwm
1F3F7	label
1F3F8	badminton
1F3F9	bwa saeth
1F3FA	llestri
1F3FB	arlliw croen golau
1F3FC	arlliw croen canolig-golau
1F3FD	arlliw croen canolog
1F3FE	arlliw croen canolig-tywyll
1F3FF	arlliw croen tywyll
1F400	llygoden fawr
1F401	llygoden
1F402	ych
1F403	byfflo dwr
1F404	buwch
1F405	teigr
1F406	llewpard
1F407	cwningen
1F408	cath
1F409	draig
1F40A	crocodeil
1F40B	morfil
1F40C	malwoden
1F40D	neidr
1F40E	ceffyl
1F40F	hwrdd
1F410	gafr
1F411	dafad
1F412	mwnci
1F413	ceiliog
1F414	iâr
1F415	ci
1F416	mochyn
1F417	baedd
1F418	eliffant
1F419	octopws
1F41A	cragen droellog
1F41B	chwilen
1F41C	morgrugyn
1F41D	gwenynen
1F41E	chwilen y wraig
1F41F	pysgodyn
1F420	pysgod trofannol
1F421	chwydd bysgodyn
1F422	crwban y môr
1F423	deoriad cywion
1F424	cyw bach
1F425	cyw iâr yn blaen-wynebu
1F426	aderyn
1F427	pengwin
1F428	coala
1F429	pwdl
1F42A	camel
1F42B	camel dau dwmpath
1F42C	dolffin
1F42D	wyneb llygoden
1F42E	wyneb buwch
1F42F	wyneb teigr
1F430	wyneb cwningen
1F431	wyneb cath
1F432	wyneb draig
1F433	morfil yn chwythu dŵr
1F434	wyneb ceffyl
1F435	wyneb mwnci
1F436	wyneb ci
1F437	wyneb mochyn
1F438	wyneb broga
1F439	wyneb bochdew
1F43A	wyneb blaidd
1F43B	wyneb arth
1F43C	wyneb panda
1F43D	trwyn mochyn
1F43E	olion pawen
1F43F	gwiwer resog
1F440	llygaid
1F441	llygad
1F442	clust
1F443	trwyn
1F444	ceg
1F445	tafod
1F446	mynegfys yr wrthlaw yn pwyntio i fyny
1F447	mynegfys yr wrthlaw yn pwyntio i lawr
1F448	mynegfys yr wrthlaw yn pwyntio i’r chwith
1F449	mynegfys yr wrthlaw yn pwyntio i’r dde
1F44A	dwrn yn agosáu
1F44B	llaw yn chwifio
1F44C	llaw ocê
1F44D	bys bawd i fyny
1F44E	bys bawd i lawr
1F44F	dwylo yn curo
1F450	dwylo agored
1F451	coron
1F452	het fenyw
1F453	sbectol
1F454	tei
1F455	crys T
1F456	jîns
1F457	ffrog
1F458	cimono
1F459	bicini
1F45A	dillad menywod
1F45B	pwrs
1F45C	bag llaw
1F45D	cwd
1F45E	esgid dyn
1F45F	esgidiau rhedeg
1F460	esgidiau sodlau uchel
1F461	sandal menyw
1F462	esgid fenyw
1F463	olion traed
1F464	bron mewn silwét
1F465	bronnau mewn silwét
1F466	bachgen
1F467	merch
1F468	dyn
1F469	menyw
1F46A	teulu
1F46B	dyn a menyw yn dal dwylo
1F46C	dau ddyn yn dal dwylo
1F46D	dwy fenyw yn dal dwylo
1F46E	heddwas
1F46F	pobl mewn parti
1F470	priodferch â fêl
1F471	person â gwallt golau
1F472	dyn â chap Tsieineaidd
1F473	person yn gwisgo twrban
1F474	hen ddyn
1F475	hen fenyw
1F476	babi
1F477	adeiladwr
1F478	tywysoges
1F479	anghenfil
1F47A	bwgan
1F47B	ysbryd
1F47C	babi angel
1F47D	estron
1F47E	anghenfil estron
1F47F	wyneb dig â chyrn
1F480	penglog
1F481	person yn gwyro llaw
1F482	gwarchodfilwr
1F483	menyw yn dawnsio
1F484	minlliw
1F485	farnais ewinedd
1F486	person yn derbyn tyluniad
1F487	person yn cael ei wallt wedi’u torri
1F488	polyn barbwr
1F489	chwistrell
1F48A	pilsen
1F48B	ôl cusan
1F48C	llythyr caru
1F48D	modrwy
1F48E	gemfaen
1F48F	cusan
1F490	tusw
1F491	pâr a chalon
1F492	priodas
1F493	calon yn curo
1F494	calon wedi torri
1F495	dwy galon
1F496	calon yn disgleirio
1F497	calon yn tyfu
1F498	calon â saeth trwyddi
1F499	calon las
1F49A	calon werdd
1F49B	calon felen
1F49C	calon borffor
1F49D	calon â rhuban
1F49E	calonnau yn troelli
1F49F	addurn calon
1F4A0	diemwnt â dot
1F4A1	bwlb golau
1F4A2	symbol dicter
1F4A3	bom
1F4A4	zzz
1F4A5	trawiad
1F4A6	defnynnau chwys
1F4A7	defnyn
1F4A8	rhuthro
1F4A9	pentwr o faw
1F4AA	cyhyrau deuben wedi eu hystwytho
1F4AB	penysgafn
1F4AC	balŵn deialog
1F4AD	cwmwl meddwl
1F4AE	blodyn gwyn
1F4AF	cant o bwyntiau
1F4B0	bag arian
1F4B1	cyfnewid arian cyfredol
1F4B2	arwydd doler drom
1F4B3	cerdyn credyd
1F4B4	papur arian yen
1F4B5	papur arian doler
1F4B6	papur arian ewro
1F4B7	papur arian punt
1F4B8	arian gydag adenydd
1F4B9	siart yn cynyddu â yen
1F4BA	sedd
1F4BB	cluniadur
1F4BC	cas friff
1F4BD	disg mini
1F4BE	disg hyblyg
1F4BF	disg optegol
1F4C0	dvd
1F4C1	ffolder ffeiliau
1F4C2	agor ffolder ffeiliau
1F4C3	tudalen gyda chwrl
1F4C4	tudalen yn wynebu i fyny
1F4C5	calendr
1F4C6	calendr rwygo
1F4C7	mynegai cardiau
1F4C8	siart yn cynyddu
1F4C9	siart yn gostwng
1F4CA	siart bar
1F4CB	clipfwrdd
1F4CC	pin
1F4CD	pin crwn
1F4CE	clip papur
1F4CF	pren mesur
1F4D0	pren mesur trionglog
1F4D1	tabiau nodau tudalen
1F4D2	cyfriflyfr
1F4D3	llyfr nodiadau
1F4D4	llyfr nodiadau gyda chlawr addurnol
1F4D5	llyfr ynghau
1F4D6	llyfr agored
1F4D7	llyfr gwyrdd
1F4D8	llyfr glas
1F4D9	llyfr oren
1F4DA	llyfrau
1F4DB	bathodyn enw
1F4DC	sgrôl
1F4DD	memo
1F4DE	derbynnydd ffôn
1F4DF	peiriant galw
1F4E0	peiriant ffacs
1F4E1	antena lloeren
1F4E2	uchelseinydd
1F4E3	megaffon
1F4E4	hambwrdd blwch allan
1F4E5	hambwrdd mewnflwch
1F4E6	parsel
1F4E7	e-bost
1F4E8	amlen yn dyfod i mewn
1F4E9	amlen gyda saeth
1F4EA	blwch post caeedig gyda banner wedi’i gostwng
1F4EB	blwch post caeedig gyda banner wedi’i chodi
1F4EC	blwch post agored gyda banner wedi’i chodi
1F4ED	blwch post agored gyda banner wedi’i gostwng
1F4EE	blwch post
1F4EF	corn bost
1F4F0	papur newydd
1F4F1	ffôn symudol
1F4F2	ffôn symudol â saeth
1F4F3	modd dirgryniad
1F4F4	ffôn symudol wedi’i ddiffodd
1F4F5	dim ffonau symudol
1F4F6	barau antena
1F4F7	camera
1F4F8	camera â fflach
1F4F9	camera fideo
1F4FA	teledu
1F4FB	radio
1F4FC	casét fideo
1F4FD	taflunydd ffilm
1F4FF	gleiniau gweddïo
1F500	botwm cymysgu traciau
1F501	botwm ailadrodd
1F502	botwm ailadrodd sengl
1F503	saethau clocwedd fertigol
1F504	botwm saethau gwrthglocwedd
1F505	botwm pylu
1F506	botwm disglair
1F507	seinydd wedi’i ddiffodd
1F508	seinydd
1F509	seinydd ymlaen
1F50A	seinydd uchel
1F50B	batri
1F50C	plwg trydanol
1F50D	chwyddwydr yn wynebu’r chwith
1F50E	chwyddwydr yn wynebu’r dde
1F50F	clô ac ysgrifbin
1F510	clô ynghau gydag allwedd
1F511	allwedd
1F512	clô
1F513	clô agored
1F514	cloch
1F515	cloch a slaes
1F516	nod tudalen
1F517	dolen
1F518	botwm radio
1F519	saeth BACK
1F51A	saeth END
1F51B	saeth ON!
1F51C	saeth SOON
1F51D	saeth TOP
1F51E	neb o dan un deg wyth oed
1F51F	gorchudd bysell 10
1F520	mewnbwn llythrennau mawr ladin
1F521	mewnbwn llythrennau bach lladin
1F522	mewnbwn rhifedd
1F523	mewnbwn symbylau
1F524	mewnbwn llythrennau lladin
1F525	tân
1F526	tortsh
1F527	sbaner
1F528	morthwyl
1F529	nyten a bollt
1F52A	cyllell cegin
1F52B	pistol
1F52C	microsgop
1F52D	telesgop
1F52E	pêl grisial
1F52F	seren chwe ochr dotiog
1F530	symbol Japaneaidd am ddechreuwr
1F531	arwyddlun tryfer
1F532	botwm sgwâr du
1F533	botwm sgwâr gwyn
1F534	cylch coch
1F535	cylch glas
1F536	diemwnt mawr oren
1F537	diemwnt mawr glas
1F538	diemwnt bach oren
1F539	diemwnt bach glas
1F53A	triongl coch yn pwyntio tuag i fyny
1F53B	triongl coch yn pwyntio tuag i lawr
1F53C	botwm i fyny
1F53D	botwm i lawr
1F549	om
1F54A	colomen
1F54B	kaaba
1F54C	mosg
1F54D	synagog
1F54E	menorah
1F550	un o’r gloch
1F551	dau o’r gloch
1F552	tri o’r gloch
1F553	pedwar o’r gloch
1F554	pump o’r gloch
1F555	chwech o’r gloch
1F556	saith o’r gloch
1F557	wyth o’r gloch
1F558	naw o’r gloch
1F559	deg o’r gloch
1F55A	un ar ddeg o’r gloch
1F55B	deuddeg o’r gloch
1F55C	hanner awr wedi un
1F55D	hanner awr wedi dau
1F55E	hanner awr wedi tri
1F55F	hanner awr wedi pedwar
1F560	hanner awr wedi pump
1F561	hanner awr wedi chwech
1F562	hanner awr wedi saith
1F563	hanner awr wedi wyth
1F564	hanner awr wedi naw
1F565	hanner awr wedi deg
1F566	hanner awr wedi un ar ddeg
1F567	hanner awr wedi deuddeg
1F56F	cannwyll
1F570	cloc silff ben tân
1F573	twll
1F574	dyn mewn gwisg fusnes yn ymddyrchafu
1F575	ditectif
1F576	sbectol haul
1F577	pry copyn
1F578	gwe pry cop
1F579	ffon reoli
1F57A	dyn yn dawnsio
1F587	clipiau papur wedi’u cysylltu
1F58A	beiro
1F58B	ysgrifbin
1F58C	brwsh paent
1F58D	pensil lliw
1F590	llaw wedi ei chodi â bysedd wedi eu lledu
1F595	bys canol
1F596	saliwt fulcanaidd
1F5A4	calon du
1F5A5	cyfrifiadur
1F5A8	argraffydd
1F5B1	llygoden gyfrifiadurol
1F5B2	pelen lwybro
1F5BC	ffrâm gyda llun
1F5C2	rhanwyr mynegai cardiau
1F5C3	blwch ffeilio cardiau
1F5C4	ffeil gabinet
1F5D1	bin sbwriel
1F5D2	llyfr nodiadau troellog
1F5D3	calendr troellog
1F5DC	cywasgedd
1F5DD	hen allwedd
1F5DE	papur newydd wedi’i rolio
1F5E1	dagr
1F5E3	pen yn siarad
1F5E8	swigen yn siarad i’r chwith
1F5EF	swigen ddig i’r dde
1F5F3	blwch pleidlais gyda phleidlais
1F5FA	map o’r byd
1F5FB	mynydd Fuji
1F5FC	tŵr tokyo
1F5FD	Cerflun Rhyddid
1F5FE	map o Japan
1F5FF	moai
1F600	wyneb yn gwenu â cheg agored
1F601	wyneb yn lledwenu â gwên yn y llygaid
1F602	wyneb â dagrau hapusrwydd
1F603	wyneb yn gwenu â cheg agored a llygaid mawr
1F604	wyneb yn gwenu â cheg agored a gwên yn y llygaid
1F605	wyneb yn gwenu â cheg agored a chwys o ofid
1F606	wyneb yn gwenu â cheg agored a llygaid ynghau
1F607	wyneb yn gwenu ag eurgylch
1F608	wyneb yn gwenu â chyrn
1F609	llygaid yn wincio
1F60A	wyneb yn gwenu â gwên yn y llygaid
1F60B	wyneb yn blasu bwyd blasus
1F60C	wyneb o ryddhad
1F60D	wyneb yn gwenu â chalonnau yn y llygaid
1F60E	wyneb yn gwenu â sbectol haul
1F60F	wyneb yn cilwenu
1F610	wyneb niwtral
1F611	wyneb difynegiant
1F612	wyneb ddi-ddifyr
1F613	wyneb yn chwysu o ofid
1F614	wyneb synfyfyriol
1F615	wyneb cymysglyd
1F616	wyneb dryslyd
1F617	wyneb yn rhoi cusan
1F618	wyneb yn chwythu cusan
1F619	wyneb yn rhoi cusan â gwên yn y llygaid
1F61A	wyneb yn rhoi cusan â llygaid ynghau
1F61B	wyneb â thafod yng ngolwg
1F61C	wyneb â thafod yng ngolwg a llygaid yn wincio
1F61D	wyneb â thafod yng ngolwg a llygaid ynghau
1F61E	wyneb siomedig
1F61F	wyneb gofidio
1F620	wyneb dig
1F621	wyneb pwdu
1F622	wyneb yn crio
1F623	wyneb dyfal
1F624	wyneb â stêm yn dod o’r trwyn
1F625	wyneb siomedig ond â rhyddhad
1F626	wyneb gwgus â cheg agored
1F627	wyneb dirboen
1F628	wyneb ofnus
1F629	wyneb lluddedig
1F62A	wyneb cysglyd
1F62B	wyneb blinedig
1F62C	wyneb ag ystum
1F62D	wyneb yn beichio crio
1F62E	wyneb â cheg agored
1F62F	wyneb distewi
1F630	wyneb â cheg agored a chwys o ofid
1F631	wyneb yn sgrechian ag ofn
1F632	wyneb wedi rhyfeddu
1F633	wyneb yn gwrido
1F634	wyneb yn cysgu
1F635	wyneb penysgafn
1F636	wyneb heb geg
1F637	wyneb â mwgwd meddygol
1F638	wyneb cath yn gwenu â cheg agored a gwên yn y llygaid
1F639	wyneb cath â dagrau o hapusrwydd
1F63A	wyneb cath yn gwenu â cheg agored
1F63B	wyneb cath yn gwenu â chalonnau yn y llygaid
1F63C	wyneb cath â gwên ar gam
1F63D	wyneb cath yn cusanu â llygaid ynghau
1F63E	wyneb cath yn pwdu
1F63F	wyneb cath yn crio
1F640	wyneb cath luddedig
1F641	wyneb â pheth gwg arni
1F642	wyneb ag ychydig o wên arni
1F643	wyneb â’i ben i waered
1F644	wyneb â llygaid yn rholio
1F645	person yn ystumio nad yw’n iawn
1F646	person yn ystumio iawn
1F647	person yn ymgrymu
1F648	gweld dim drwg
1F649	clywed dim drwg
1F64A	siarad dim drwg
1F64B	person yn codi llaw
1F64C	person yn codi dwylo
1F64D	person yn gwgu
1F64E	person yn pwdu
1F64F	dwylo wedi plygu
1F680	roced
1F681	hofrennydd
1F682	locomotif
1F683	car rheilffordd
1F684	trên tra chyflym
1F685	trên tra chyflym gyda thrwyn fel bwled
1F686	trên
1F687	metro
1F688	rheilffordd ysgafn
1F689	gorsaf
1F68A	tram
1F68B	car tram
1F68C	bws
1F68D	bws yn dod i’ch cwrdd
1F68E	bws trydan
1F68F	arhosfan bws
1F690	bws mini
1F691	ambiwlans
1F692	peiriant tân
1F693	car yr heddlu
1F694	car heddlu sy’n dod i’ch cwrdd
1F695	tacsi
1F696	tacsi sy’n dod i’ch cwrdd
1F697	modur
1F698	modur sy’n dod i’ch cwrdd
1F699	cerbyd hamdden
1F69A	lori dosbarthu
1F69B	lori gymalog
1F69C	tractor
1F69D	trên un gledren
1F69E	rheilffordd fynydd
1F69F	rheilffordd grog
1F6A0	rhaffbont fynydd
1F6A1	tramffordd awyrol
1F6A2	llong
1F6A3	person yn rhwyfo cwch
1F6A4	cwch gwib
1F6A5	golau traffig llorweddol
1F6A6	golau traffig fertigol
1F6A7	adeiladwaith
1F6A8	golau car yr heddlu
1F6A9	baner drionglog
1F6AA	drws
1F6AB	wedi’i wahardd
1F6AC	ysmygu
1F6AD	dim ysmygu
1F6AE	arwydd sbwriel mewn bin
1F6AF	dim sbwriel
1F6B0	dŵr yfed
1F6B1	dwr na ellir ei foteli
1F6B2	beic
1F6B3	dim beiciau
1F6B4	person yn beicio
1F6B5	person yn beicio mynydd
1F6B6	person yn cerdded
1F6B7	dim cerddwyr
1F6B8	plant yn croesi
1F6B9	ystafell ymolchi i ddynion
1F6BA	ystafell ymolchi i fenywod
1F6BB	ystafell ymolchi
1F6BC	symbol babi
1F6BD	toiled
1F6BE	tŷ bach
1F6BF	cawod
1F6C0	person mewn bath
1F6C1	twba bath
1F6C2	arolygaeth pasbort
1F6C3	tollau
1F6C4	hawlio bagiau
1F6C5	bagiau wedi’u gadael
1F6CB	soffa a lamp
1F6CC	person mewn gwely
1F6CD	bagiau siopa
1F6CE	porthor
1F6CF	gwely
1F6D0	man addoli
1F6D1	arwydd stop
1F6D2	troli siopa
1F6E0	morthwyl a sbaner
1F6E1	tarian
1F6E2	drwm olew
1F6E3	traffordd
1F6E4	trac rheilffordd
1F6E5	cwch modur
1F6E9	awyren fach
1F6EB	ymadawiad awyren
1F6EC	dyfodiad awyren
1F6F0	lloeren
1F6F3	llong deithwyr
1F6F4	sgwter cicio
1F6F5	sgwter modur
1F6F6	canŵ
1F6F7	sled
1F6F8	soser hedegog
1F6F9	sgrialfwrdd
1F910	wyneb â sip dros y geg
1F911	wyneb symbol arian
1F912	wyneb â thermomedr
1F913	wyneb clyfar
1F914	wyneb yn meddwl
1F915	wyneb â rhwymyn i’r pen
1F916	wyneb robot
1F917	wyneb yn rhoi cwtsh
1F918	arwydd y cyrn
1F919	llaw ffonia fi
1F91A	cefn llaw wedi’i chodi
1F91B	dwrn tua’r chwith
1F91C	dwrn tua’r dde
1F91D	ysgwyd dwylo
1F91E	bysedd wedi’u croesi
1F91F	arwydd caru ti
1F920	wyneb het cowboi
1F921	wyneb clown
1F922	wyneb chwydlyd
1F923	rholio ar y llawr yn chwerthin
1F924	wyneb glafoerio
1F925	wyneb celwydd
1F926	cledr i’r wyneb
1F927	wyneb tisian
1F928	wyneb gydag ael wedi codi
1F929	wyneb â ser yn y llygaid
1F92A	wyneb penwan
1F92B	wyneb hisht
1F92C	wyneb â symbolau dros y ceg
1F92D	wyneb gyda llaw dros y geg
1F92E	wyneb yn chwydu
1F92F	pen yn ffrwydro
1F930	menyw feichiog
1F931	bwydo o’r fron
1F932	cledrau dwylo yn yr awyr gyda’u gilydd
1F933	hunlun
1F934	tywysog
1F935	dyn mewn tycs
1F936	Siân Corn
1F937	codi gwar
1F938	olwyn droi
1F939	jyglo
1F93A	ffensiwr
1F93C	taflwyr codwm
1F93D	polo dŵr
1F93E	pêl-law
1F940	blodyn wedi gwiwo
1F941	drwm
1F942	gwydrau yn tincian
1F943	tymbler
1F944	llwy
1F945	rhwyd gôl
1F947	medal aur
1F948	medal arian
1F949	medal efydd
1F94A	maneg bocsio
1F94B	gwisg y crefftau ymladd
1F94C	carreg cyrlio
1F94E	pêl feddal
1F94F	disg hedfan
1F950	croissant
1F951	afocado
1F952	ciwcymber
1F953	bacwn
1F954	taten
1F955	moron
1F956	ffon fara
1F957	salad gwyrdd
1F958	padell fas o fwyd
1F959	bara gwastad wedi’i stwffio
1F95A	wy
1F95B	gwydraid o laeth
1F95C	cnai ddaear
1F95D	ffrwyth ciwi
1F95E	crempogau
1F95F	twmplen
1F960	bisgeden lwcus
1F961	bocs prydau parod
1F962	gweill bwyta
1F963	bowlen â llwy
1F964	cwpan â gwellt yfed
1F965	cneuen goco
1F966	brocoli
1F967	pei
1F968	pretsel
1F969	toriad o gig
1F96A	brechdan
1F96B	bwyd tun
1F96C	gwyrdd deiliog
1F96D	mango
1F96E	cacen lleuad
1F96F	bagel
1F970	wyneb yn gwenu â thair calon
1F973	wyneb yn partïo
1F974	wyneb meddw
1F975	wyneb poeth
1F976	wyneb oer
1F97A	wyneb yn pledio
1F97C	cot lab
1F97D	gogls
1F97E	esgid gerdded
1F97F	esgid fflat
1F980	cranc
1F981	wyneb llew
1F982	sgorpion
1F983	twrci
1F984	wyneb uncorn
1F985	eryr
1F986	hwyaden
1F987	ystlum
1F988	siarc
1F989	tylluan
1F98A	wyneb llwynog
1F98B	pili-pala
1F98C	carw
1F98D	gorila
1F98E	madfall
1F98F	rhinoseros
1F990	berdysyn
1F991	ystifflog
1F992	jiráff
1F993	sebra
1F994	draenog
1F995	sawropod
1F996	T-Rex
1F997	criciedyn
1F998	cangarŵ
1F999	lama
1F99A	paun
1F99B	afonfarch
1F99C	parot
1F99D	racŵn
1F99E	cimwch
1F99F	mosgito
1F9A0	microb
1F9A1	mochyn daear
1F9A2	alarch
1F9B0	gwallt coch
1F9B1	gwallt cyrliog
1F9B2	moel
1F9B3	gwallt gwyn
1F9B4	asgwrn
1F9B5	coes
1F9B6	troed
1F9B7	dant
1F9B8	archarwr
1F9B9	archleidr
1F9C0	darn o gaws
1F9C1	cacen cwpan
1F9C2	halen
1F9D0	wyneb gyda monocl
1F9D1	oedolyn
1F9D2	plentyn
1F9D3	oedolyn oedranus
1F9D4	person barfog
1F9D5	menyw â phensgarff
1F9D6	person mewn ystafell llawn stêm
1F9D7	person yn dringo
1F9D8	person mewn ystum lingroes
1F9D9	dewin
1F9DA	tylwyth teg
1F9DB	fampir
1F9DC	môrberson
1F9DD	coblyn
1F9DE	genie
1F9DF	sombi
1F9E0	ymennydd
1F9E1	calon oren
1F9E2	cap pêl fas
1F9E3	scarff
1F9E4	menyg
1F9E5	côt
1F9E6	sanau
1F9E7	amlen goch
1F9E8	gwialen tân
1F9E9	jig-so
1F9EA	tiwb profi
1F9EB	dysgl petri
1F9EC	dna
1F9ED	cwmpawd
1F9EE	abacws
1F9F0	blwch offer
1F9F1	bricsen
1F9F2	magnet
1F9F3	bagiau
1F9F4	potel hufen
1F9F5	edafedd
1F9F6	edau
1F9F7	pin diogelwch
1F9F8	tedi bêr
1F9F9	ysgubell
1F9FA	basged
1F9FB	rholyn o bapur
1F9FC	sebon
1F9FD	sbwng
1F9FE	derbynneb
1F9FF	amwled nazar
1F3F4 E0067 E0062 E0077 E006C E0073 E007F	baner Cymru
1F3F4 E0067 E0062 E0073 E0063 E0074 E007F	baner yr Alban
1F3F4 E0067 E0062 E0065 E006E E0067 E007F	baner Lloegr
