computer	0:2:2:1 0 36 0 30 0 47 0 53 0 63 0 4 0 29 0 58 0 34 0 2
windows	0:2:2:1 0 64 0 4 0 24 0 49 0 38 0 75 0 61 0 2
keyboard	0:2:2:1 0 36 0 4 0 25 0 35 0 27 0 84 0 38 0 2
cardiff	0:2:2:1 0 36 0 4 0 21 0 84 0 38 0 24 0 41 0 2
the	0:2:2:1 0 39 0 30 0 2
nation	0:2:2:1 0 49 0 4 0 66 0 57 0 30 0 49 0 2
zebra	0:2:2:1 0 61 0 4 0 25 0 35 0 84 0 30 0 2
action	0:2:2:1 0 4 0 78 0 36 0 57 0 30 0 49 0 2
quickly	0:2:2:1 0 36 0 64 0 4 0 24 0 36 0 45 0 25 0 2
splunktar	0:1:1:1 0 56 0 53 0 45 0 4 0 79 0 49 0 36 0 58 0 21 0 84 0 2
brightnex	0:1:1:1 0 35 0 84 0 4 0 65 0 58 0 49 0 22 0 36 0 56 0 2
ci bach	0:1:1:1 0 4 0 36 0 25 0 3 0 4 0 35 0 21 0 37 0 2
mynydd	0:1:1:1 0 4 0 47 0 30 0 6 0 49 0 32 0 39 0 2
gŵn	0:1:1:1 0 4 0 42 0 29 0 49 0 2
cymru	0:1:1:1 0 4 0 36 0 30 0 47 0 6 0 54 0 32 0 2
Mae'r BBC yn dda	0:1:1:1 0 4 0 47 0 70 0 54 0 3 0 35 0 25 0 35 0 25 0 56 0 4 0 25 0 3 0 30 0 49 0 3 0 4 0 39 0 21 0 2
Roedd computer newydd yma	0:1:1:1 0 54 0 72 0 39 0 3 0 36 0 30 0 47 0 53 0 63 0 4 0 29 0 58 0 34 0 3 0 4 0 49 0 22 0 6 0 64 0 32 0 39 0 3 0 4 0 30 0 6 0 47 0 20 0 2
Mae 25 o gathod	0:1:1:1 0 47 0 70 0 3 0 4 0 38 0 69 0 3 0 4 0 39 0 23 0 42 0 3 0 4 0 53 0 32 0 47 0 53 0 3 0 26 0 3 0 4 0 42 0 21 0 6 0 59 0 26 0 38 0 2
the quick brown fox	0:2:2:1 0 39 0 30 0 3 0 36 0 64 0 4 0 24 0 36 0 3 0 35 0 84 0 4 0 77 0 49 0 3 0 41 0 4 0 21 0 36 0 56 0 2
S4C a'r BBC	0:1:1:1 0 4 0 22 0 56 0 3 0 4 0 53 0 22 0 38 0 6 0 64 0 20 0 54 0 3 0 4 0 22 0 36 0 3 0 4 0 20 0 54 0 3 0 35 0 25 0 35 0 25 0 56 0 4 0 25 0 2
yn 2026	0:1:1:1 0 30 0 49 0 3 0 4 0 38 0 73 0 3 0 4 0 40 0 25 0 45 0 3 0 4 0 38 0 69 0 3 0 4 0 39 0 23 0 42 0 3 0 37 0 64 0 22 0 37 0 2
B.	0:1:1:1 0 4 0 35 0 25 0 7 0 2
K.	0:1:1:1 0 4 0 36 0 23 0 7 0 2
Ch.	1:1:1:1 0 4 0 22 0 37 0 7 0 2
Ll.	1:1:1:1 0 4 0 22 0 46 0 7 0 2
Rh.	1:1:1:1 0 4 0 55 0 25 0 7 0 2
Ff.	1:1:1:1 0 4 0 22 0 41 0 7 0 2
Ng.	1:1:1:1 0 4 0 22 0 51 0 7 0 2
Th.	1:1:1:1 0 4 0 22 0 59 0 7 0 2
V.	0:1:1:1 0 4 0 40 0 25 0 7 0 2
Z.	0:1:1:1 0 4 0 61 0 22 0 38 0 7 0 2
Dewisodd opsiwn B.	0:1:1:1 0 38 0 22 0 6 0 4 0 64 0 25 0 6 0 56 0 26 0 39 0 3 0 4 0 26 0 53 0 6 0 56 0 74 0 49 0 3 0 4 0 35 0 25 0 7 0 2
Press the letter B now please.	1:2:2:1 0 53 0 84 0 4 0 22 0 56 0 3 0 39 0 30 0 3 0 45 0 4 0 22 0 58 0 34 0 3 0 35 0 4 0 25 0 3 0 49 0 4 0 77 0 3 0 53 0 45 0 4 0 25 0 61 0 7 0 2
The letter B is next.	1:2:2:1 0 39 0 30 0 3 0 45 0 4 0 22 0 58 0 34 0 3 0 35 0 4 0 25 0 3 0 4 0 24 0 61 0 3 0 49 0 4 0 22 0 36 0 56 0 58 0 7 0 2
BBC.	1:2:2:1 0 35 0 25 0 35 0 25 0 56 0 4 0 25 0 7 0 2
OK.	1:2:2:1 0 4 0 75 0 36 0 4 0 66 0 7 0 2
S4C a'r BBC.	1:1:1:1 0 4 0 22 0 56 0 3 0 4 0 53 0 22 0 38 0 6 0 64 0 20 0 54 0 3 0 4 0 22 0 36 0 3 0 4 0 20 0 54 0 3 0 35 0 25 0 35 0 25 0 56 0 4 0 25 0 7 0 2
A55.	1:1:1:1 0 20 0 3 0 4 0 53 0 32 0 47 0 3 0 4 0 38 0 23 0 42 0 3 0 4 0 53 0 32 0 47 0 53 0 7 0 2
HMS.	1:1:1:1 0 4 0 66 0 60 0 3 0 4 0 22 0 47 0 3 0 4 0 22 0 56 0 7 0 2
API.	1:1:1:1 0 66 0 53 0 25 0 4 0 65 0 7 0 2
TTS.	1:1:1:1 0 58 0 25 0 6 0 58 0 25 0 6 0 4 0 22 0 56 0 7 0 2
USA.	1:2:2:1 0 63 0 29 0 22 0 56 0 4 0 66 0 7 0 2
Mae'r API yn barod.	1:1:1:1 0 4 0 47 0 70 0 54 0 3 0 66 0 53 0 25 0 4 0 65 0 3 0 30 0 49 0 3 0 4 0 35 0 20 0 6 0 54 0 26 0 38 0 7 0 2
Mae S4C yn darlledu.	1:1:1:1 0 47 0 70 0 3 0 4 0 22 0 56 0 3 0 4 0 53 0 22 0 38 0 6 0 64 0 20 0 54 0 3 0 4 0 22 0 36 0 3 0 30 0 49 0 3 0 38 0 20 0 54 0 6 0 4 0 46 0 23 0 6 0 38 0 32 0 7 0 2
c, a, th.	1:1:1:1 0 4 0 22 0 36 0 8 0 3 0 20 0 8 0 3 0 4 0 22 0 59 0 7 0 2
a i o y.	0:1:1:1 0 20 0 3 0 24 0 3 0 26 0 3 0 30 0 7 0 2
b - c	0:1:1:1 0 4 0 35 0 25 0 8 0 3 0 4 0 22 0 36 0 2
y BBC	0:1:1:1 0 30 0 3 0 35 0 25 0 35 0 25 0 56 0 4 0 25 0 2
y BBC yn dda	0:1:1:1 0 30 0 3 0 35 0 25 0 35 0 25 0 56 0 4 0 25 0 3 0 30 0 49 0 3 0 4 0 39 0 21 0 2
i BBC Cymru	0:1:1:1 0 24 0 3 0 35 0 25 0 35 0 25 0 56 0 4 0 25 0 3 0 4 0 36 0 30 0 47 0 6 0 54 0 32 0 2
o BBC Radio	0:1:1:1 0 26 0 3 0 35 0 25 0 35 0 25 0 56 0 4 0 25 0 3 0 4 0 54 0 20 0 38 0 6 0 63 0 26 0 2
a BBC	0:2:2:1 0 30 0 3 0 35 0 25 0 35 0 25 0 56 0 4 0 25 0 2
BBC y dydd	0:1:1:1 0 35 0 25 0 35 0 25 0 56 0 4 0 25 0 3 0 30 0 3 0 4 0 38 0 33 0 39 0 2
y TTS	0:1:1:1 0 30 0 3 0 58 0 25 0 6 0 58 0 25 0 6 0 4 0 22 0 56 0 2
y CD newydd	0:1:1:1 0 30 0 3 0 56 0 25 0 38 0 4 0 25 0 3 0 4 0 49 0 22 0 6 0 64 0 32 0 39 0 2
Mae y BBC yn dda	0:1:1:1 0 47 0 70 0 3 0 30 0 3 0 35 0 25 0 35 0 25 0 56 0 4 0 25 0 3 0 30 0 49 0 3 0 4 0 39 0 21 0 2
yr NHS a'r BBC	0:1:1:1 0 30 0 54 0 3 0 22 0 6 0 49 0 23 0 6 0 4 0 60 0 22 0 56 0 3 0 4 0 20 0 54 0 3 0 35 0 25 0 35 0 25 0 56 0 4 0 25 0 2
i	0:1:1:1 0 4 0 24 0 25 0 2
o	0:1:1:1 0 4 0 27 0 27 0 27 0 2
w	0:1:1:1 0 4 0 29 0 2
a	0:1:1:1 0 4 0 21 0 21 0 2
e	0:1:1:1 0 4 0 23 0 23 0 2
u	0:1:1:1 0 4 0 74 0 74 0 2
y	0:1:1:1 0 4 0 30 0 30 0 2
k	0:1:1:1 0 4 0 36 0 23 0 2
K	0:1:1:1 0 4 0 36 0 23 0 2
Es i o Fangor i Gaerdydd.	1:1:1:1 0 4 0 23 0 56 0 3 0 24 0 3 0 26 0 3 0 4 0 40 0 20 0 6 0 51 0 26 0 54 0 3 0 24 0 3 0 4 0 42 0 70 0 54 0 6 0 38 0 32 0 39 0 7 0 2
Dw i'n mynd i'r dref.	1:1:1:1 0 4 0 38 0 29 0 3 0 24 0 49 0 3 0 4 0 47 0 32 0 49 0 38 0 3 0 24 0 54 0 3 0 4 0 38 0 54 0 23 0 40 0 7 0 2
Mae'r ci a'r gath.	1:1:1:1 0 4 0 47 0 70 0 54 0 3 0 4 0 36 0 25 0 3 0 4 0 20 0 54 0 3 0 4 0 42 0 21 0 59 0 7 0 2
mae 5·5 yma	0:1:1:1 0 47 0 70 0 3 0 4 0 53 0 32 0 47 0 53 0 3 0 4 0 53 0 32 0 47 0 53 0 3 0 4 0 30 0 6 0 47 0 20 0 2
pris·da	0:1:1:1 0 4 0 53 0 54 0 25 0 56 0 3 0 4 0 38 0 21 0 2
a·b	0:1:1:1 0 4 0 66 0 3 0 4 0 35 0 25 0 2
AB	0:2:2:1 0 4 0 78 0 35 0 2
a·b·c	0:1:1:1 0 4 0 66 0 3 0 4 0 35 0 25 0 3 0 4 0 56 0 25 0 2
ab·cd	0:2:2:1 0 4 0 78 0 35 0 3 0 56 0 25 0 38 0 4 0 25 0 2
·da	0:1:1:1 0 4 0 38 0 21 0 2
da·	0:1:1:1 0 4 0 38 0 21 0 2
cath··ci	0:1:1:1 0 4 0 36 0 21 0 59 0 3 0 4 0 36 0 25 0 2
1·2	0:1:1:1 0 4 0 32 0 49 0 3 0 4 0 38 0 69 0 2
·	0:1:1:1 0 2
mae·	0:1:1:1 0 47 0 70 0 2
x·1	0:1:1:1 0 4 0 22 0 36 0 56 0 3 0 4 0 32 0 49 0 2
ie!na	0:1:1:1 0 4 0 63 0 23 0 10 0 3 0 49 0 21 0 2
un;dau	0:1:1:1 0 4 0 32 0 49 0 11 0 3 0 4 0 38 0 69 0 2
cath"ci	0:1:1:1 0 4 0 36 0 21 0 59 0 16 0 3 0 4 0 36 0 25 0 2
ty(bach)	0:1:1:1 0 58 0 32 0 8 0 3 0 4 0 35 0 21 0 37 0 2
a!(b	0:1:1:1 0 20 0 10 0 3 0 4 0 35 0 25 0 2
No.10	0:2:2:1 0 49 0 4 0 75 0 7 0 3 0 58 0 4 0 22 0 49 0 2
b-a-ch!na	0:1:1:1 0 4 0 35 0 25 0 8 0 3 0 20 0 8 0 3 0 4 0 22 0 37 0 10 0 3 0 49 0 21 0 2
helo!!!sut	0:1:1:1 0 4 0 43 0 22 0 6 0 45 0 26 0 10 0 3 0 4 0 56 0 32 0 58 0 2
a…b	0:1:1:1 0 20 0 8 0 3 0 4 0 35 0 25 0 2
da—da	0:1:1:1 0 4 0 38 0 21 0 8 0 3 0 4 0 38 0 21 0 2
1 o 1. 1 of 1	1:1:1:1 0 4 0 32 0 49 0 3 0 26 0 3 0 4 0 32 0 49 0 7 0 2|0:2:2:1 0 64 0 4 0 79 0 49 0 3 0 4 0 79 0 40 0 3 0 64 0 4 0 79 0 49 0 2
1 o 1, 1 of 1	0:2:2:1 0 4 0 79 0 49 0 3 0 4 0 75 0 3 0 4 0 79 0 49 0 8 0 3 0 64 0 4 0 79 0 49 0 3 0 4 0 79 0 40 0 3 0 64 0 4 0 79 0 49 0 2
Tudalen 1 o 3, Page 1 of 3	0:2:2:1 0 58 0 32 0 6 0 4 0 38 0 20 0 6 0 45 0 22 0 49 0 3 0 4 0 79 0 49 0 3 0 4 0 75 0 3 0 58 0 84 0 4 0 65 0 8 0 3 0 53 0 4 0 66 0 44 0 3 0 64 0 4 0 79 0 49 0 3 0 4 0 79 0 40 0 3 0 59 0 84 0 4 0 25 0 2
Battery. 45%.	1:2:2:1 0 35 0 4 0 78 0 58 0 34 0 25 0 7 0 2|1:2:2:1 0 41 0 4 0 27 0 84 0 58 0 25 0 3 0 41 0 4 0 65 0 40 0 3 0 53 0 34 0 56 0 4 0 22 0 49 0 58 0 7 0 2
Page 3. Tudalen 3.	1:2:2:1 0 53 0 4 0 66 0 44 0 3 0 59 0 84 0 4 0 25 0 7 0 2|1:1:1:1 0 58 0 32 0 6 0 4 0 38 0 20 0 6 0 45 0 22 0 49 0 3 0 4 0 58 0 54 0 25 0 7 0 2
e.e. 3 peth. 2 things	1:1:1:1 0 4 0 22 0 54 0 3 0 4 0 22 0 51 0 55 0 65 0 41 0 58 0 3 0 4 0 58 0 54 0 25 0 3 0 4 0 53 0 23 0 59 0 7 0 2|0:2:2:1 0 58 0 4 0 29 0 3 0 59 0 4 0 24 0 51 0 61 0 2
Dr. Jones has 3 cats. Mae 2 gath.	1:2:2:1 0 38 0 4 0 21 0 36 0 58 0 34 0 3 0 44 0 4 0 75 0 49 0 61 0 3 0 43 0 4 0 78 0 61 0 3 0 59 0 84 0 4 0 25 0 3 0 36 0 4 0 78 0 58 0 56 0 7 0 2|1:1:1:1 0 47 0 70 0 3 0 4 0 38 0 69 0 3 0 4 0 42 0 21 0 59 0 7 0 2
Croeso - Welcome, 1 o 3 – 1 of 3	0:2:2:1 0 4 0 36 0 54 0 72 0 6 0 56 0 26 0 8 0 3 0 64 0 4 0 22 0 45 0 36 0 30 0 47 0 8 0 3 0 4 0 79 0 49 0 3 0 4 0 75 0 3 0 58 0 84 0 4 0 65 0 8 0 3 0 64 0 4 0 79 0 49 0 3 0 4 0 79 0 40 0 3 0 59 0 84 0 4 0 25 0 2
It's 3 o'clock	0:2:2:1 0 4 0 24 0 58 0 56 0 3 0 59 0 84 0 4 0 25 0 3 0 30 0 36 0 45 0 4 0 21 0 36 0 2
3 o'clock	0:2:2:1 0 59 0 84 0 4 0 25 0 3 0 30 0 36 0 45 0 4 0 21 0 36 0 2
Mae'r 3 yma. Page 3 here!	1:1:1:1 0 4 0 47 0 70 0 54 0 3 0 4 0 58 0 54 0 25 0 3 0 4 0 30 0 6 0 47 0 20 0 7 0 2|1:2:2:1 0 53 0 4 0 66 0 44 0 3 0 59 0 84 0 4 0 25 0 3 0 43 0 4 0 25 0 84 0 10 0 2
Rhif 1; Number 1: 2 things	0:2:2:1 0 4 0 55 0 25 0 40 0 3 0 4 0 79 0 49 0 11 0 3 0 49 0 4 0 79 0 47 0 35 0 34 0 3 0 64 0 4 0 79 0 49 0 12 0 3 0 58 0 4 0 29 0 3 0 59 0 4 0 24 0 51 0 61 0 2
Home screen 1 of 3	0:2:2:1 0 43 0 4 0 75 0 47 0 3 0 56 0 36 0 84 0 4 0 25 0 49 0 3 0 64 0 4 0 79 0 49 0 3 0 4 0 79 0 40 0 3 0 59 0 84 0 4 0 25 0 2
Battery, 45%	0:2:2:1 0 35 0 4 0 78 0 58 0 34 0 25 0 8 0 3 0 41 0 4 0 27 0 84 0 58 0 25 0 3 0 41 0 4 0 65 0 40 0 3 0 53 0 34 0 56 0 4 0 22 0 49 0 58 0 2
y.b. 3. 4 items	1:1:1:1 0 30 0 7 0 3 0 4 0 35 0 25 0 7 0 3 0 4 0 58 0 54 0 25 0 7 0 2|0:2:2:1 0 41 0 4 0 27 0 84 0 3 0 4 0 65 0 58 0 30 0 47 0 61 0 2
U.S.A. 3 things. Mae 2 beth	1:2:2:1 0 63 0 4 0 29 0 7 0 3 0 4 0 22 0 56 0 7 0 3 0 30 0 7 0 3 0 59 0 84 0 4 0 25 0 3 0 59 0 4 0 24 0 51 0 61 0 7 0 2|0:1:1:1 0 47 0 70 0 3 0 4 0 38 0 69 0 3 0 4 0 35 0 23 0 59 0 2
1, 1	0:1:1:1 0 4 0 32 0 49 0 8 0 3 0 4 0 32 0 49 0 2
Rhif 1, Rhif 2	0:1:1:1 0 4 0 55 0 25 0 40 0 3 0 4 0 32 0 49 0 8 0 3 0 4 0 55 0 25 0 40 0 3 0 4 0 38 0 69 0 2
£5, diolch	0:1:1:1 0 4 0 53 0 32 0 47 0 3 0 4 0 53 0 32 0 49 0 58 0 8 0 3 0 4 0 38 0 63 0 26 0 45 0 37 0 2
1,,2	0:1:1:1 0 4 0 32 0 49 0 8 0 3 0 4 0 38 0 69 0 2
Mae 3 o'r plant. Show 3 of 4.	1:1:1:1 0 47 0 70 0 3 0 4 0 58 0 54 0 25 0 3 0 4 0 26 0 54 0 3 0 4 0 53 0 45 0 20 0 49 0 58 0 7 0 2|1:2:2:1 0 57 0 4 0 75 0 3 0 59 0 84 0 4 0 25 0 3 0 4 0 79 0 40 0 3 0 41 0 4 0 27 0 84 0 7 0 2
1 of 1. 1 o 1	1:2:2:1 0 64 0 4 0 79 0 49 0 3 0 4 0 79 0 40 0 3 0 64 0 4 0 79 0 49 0 7 0 2|0:1:1:1 0 4 0 32 0 49 0 3 0 26 0 3 0 4 0 32 0 49 0 2
Google Lens button double tap to activate. Techiaith TTS	1:2:2:1 0 42 0 4 0 29 0 42 0 30 0 45 0 3 0 45 0 4 0 22 0 49 0 61 0 3 0 35 0 4 0 79 0 58 0 30 0 49 0 3 0 38 0 4 0 79 0 35 0 30 0 45 0 3 0 58 0 4 0 78 0 53 0 3 0 58 0 4 0 29 0 3 0 4 0 78 0 36 0 58 0 30 0 40 0 66 0 58 0 7 0 2|0:1:1:1 0 4 0 58 0 22 0 37 0 6 0 63 0 65 0 59 0 3 0 58 0 25 0 6 0 58 0 25 0 6 0 4 0 22 0 56 0 2
Techiaith TTS	0:1:1:1 0 4 0 58 0 22 0 37 0 6 0 63 0 65 0 59 0 3 0 58 0 25 0 6 0 58 0 25 0 6 0 4 0 22 0 56 0 2
Techiaith TTS, button, double tap to activate	0:2:2:1 0 4 0 58 0 22 0 37 0 6 0 63 0 65 0 59 0 3 0 58 0 25 0 6 0 58 0 25 0 6 0 4 0 22 0 56 0 8 0 3 0 35 0 4 0 79 0 58 0 30 0 49 0 8 0 3 0 38 0 4 0 79 0 35 0 30 0 45 0 3 0 58 0 4 0 78 0 53 0 3 0 58 0 4 0 29 0 3 0 4 0 78 0 36 0 58 0 30 0 40 0 66 0 58 0 2
Mae'r tywydd yn braf. The weather is fine.	1:1:1:1 0 4 0 47 0 70 0 54 0 3 0 4 0 58 0 30 0 6 0 64 0 32 0 39 0 3 0 30 0 49 0 3 0 4 0 35 0 54 0 21 0 40 0 7 0 2|1:2:2:1 0 39 0 30 0 3 0 64 0 4 0 22 0 39 0 34 0 3 0 4 0 24 0 61 0 3 0 41 0 4 0 65 0 49 0 7 0 2
The weather is fine today and the sun is out. I agree.	1:2:2:1 0 39 0 30 0 3 0 64 0 4 0 22 0 39 0 34 0 3 0 4 0 24 0 61 0 3 0 41 0 4 0 65 0 49 0 3 0 58 0 30 0 38 0 4 0 66 0 3 0 30 0 49 0 38 0 3 0 39 0 30 0 3 0 56 0 4 0 79 0 49 0 3 0 4 0 24 0 61 0 3 0 4 0 77 0 58 0 7 0 2|1:2:2:1 0 4 0 65 0 3 0 30 0 42 0 84 0 4 0 25 0 7 0 2
Iawn. OK. Da. Fine.	1:1:1:1 0 4 0 63 0 77 0 49 0 7 0 2|1:2:2:1 0 4 0 75 0 36 0 4 0 66 0 7 0 2|1:1:1:1 0 4 0 38 0 21 0 7 0 2|1:2:2:1 0 41 0 4 0 65 0 49 0 7 0 2
Croeso - Welcome, 1 o 3 – 1 of 3. Diolch.	1:2:2:1 0 4 0 36 0 54 0 72 0 6 0 56 0 26 0 8 0 3 0 64 0 4 0 22 0 45 0 36 0 30 0 47 0 8 0 3 0 4 0 79 0 49 0 3 0 4 0 75 0 3 0 58 0 84 0 4 0 65 0 8 0 3 0 64 0 4 0 79 0 49 0 3 0 4 0 79 0 40 0 3 0 59 0 84 0 4 0 25 0 7 0 2|1:1:1:1 0 4 0 38 0 63 0 26 0 45 0 37 0 7 0 2
Dr. Jones is here. Mae Dr. Jones yma.	1:2:2:1 0 38 0 4 0 21 0 36 0 58 0 34 0 3 0 44 0 4 0 75 0 49 0 61 0 3 0 4 0 24 0 61 0 3 0 43 0 4 0 25 0 84 0 7 0 2|1:1:1:1 0 47 0 70 0 3 0 4 0 38 0 26 0 36 0 6 0 58 0 26 0 54 0 3 0 4 0 44 0 27 0 49 0 56 0 3 0 4 0 30 0 6 0 47 0 20 0 7 0 2
Learn more	0:2:2:1 0 45 0 4 0 34 0 49 0 3 0 47 0 4 0 27 0 84 0 2
Read more	0:2:2:1 0 84 0 4 0 25 0 38 0 3 0 47 0 4 0 27 0 84 0 2
See all	0:2:2:1 0 56 0 4 0 25 0 3 0 4 0 27 0 45 0 2
Got it	0:2:2:1 0 42 0 4 0 21 0 58 0 3 0 4 0 24 0 58 0 2
Not now	0:2:2:1 0 49 0 4 0 21 0 58 0 3 0 49 0 4 0 77 0 2
More options	0:2:2:1 0 47 0 4 0 27 0 84 0 3 0 4 0 21 0 53 0 57 0 30 0 49 0 61 0 2
Turn off	0:2:2:1 0 58 0 4 0 34 0 49 0 3 0 4 0 27 0 41 0 2
Log in	0:2:2:1 0 45 0 4 0 27 0 42 0 3 0 24 0 49 0 2
Un taxi	0:1:1:1 0 4 0 32 0 49 0 3 0 58 0 4 0 78 0 36 0 56 0 25 0 2
Y BBC	0:1:1:1 0 30 0 3 0 35 0 25 0 35 0 25 0 56 0 4 0 25 0 2
a BBC	0:2:2:1 0 30 0 3 0 35 0 25 0 35 0 25 0 56 0 4 0 25 0 2
Pris y taxi	0:1:1:1 0 4 0 53 0 54 0 25 0 56 0 3 0 30 0 3 0 58 0 4 0 78 0 36 0 56 0 25 0 2
Dangos mwy	0:1:1:1 0 4 0 38 0 20 0 51 0 6 0 42 0 26 0 56 0 3 0 47 0 73 0 2
c, a, th.	1:1:1:1 0 4 0 22 0 36 0 8 0 3 0 20 0 8 0 3 0 4 0 22 0 59 0 7 0 2
B.	0:1:1:1 0 4 0 35 0 25 0 7 0 2
Cancel	0:2:2:1 0 36 0 4 0 78 0 49 0 56 0 30 0 45 0 2
Skip	0:2:2:1 0 56 0 36 0 4 0 24 0 53 0 2
the	0:2:2:1 0 39 0 30 0 2
action	0:2:2:1 0 4 0 78 0 36 0 57 0 30 0 49 0 2
AB	0:2:2:1 0 4 0 78 0 35 0 2
Mae'r Bank of Wales yn 3 oed	0:1:1:1 0 4 0 47 0 70 0 54 0 3 0 35 0 4 0 78 0 51 0 36 0 3 0 4 0 27 0 6 0 40 0 3 0 64 0 20 0 6 0 45 0 22 0 56 0 3 0 30 0 49 0 3 0 4 0 58 0 54 0 25 0 3 0 4 0 72 0 38 0 2
I agree. Dw i'n cytuno.	1:2:2:1 0 4 0 65 0 3 0 30 0 42 0 84 0 4 0 25 0 7 0 2|1:1:1:1 0 4 0 38 0 29 0 3 0 24 0 49 0 3 0 36 0 30 0 6 0 4 0 58 0 32 0 6 0 49 0 26 0 7 0 2
Live Recognition	0:2:2:1 0 45 0 4 0 65 0 40 0 3 0 84 0 22 0 36 0 30 0 42 0 49 0 4 0 24 0 57 0 30 0 49 0 2
Live Text	0:2:2:1 0 45 0 4 0 65 0 40 0 3 0 58 0 4 0 22 0 36 0 56 0 58 0 2
live music	0:2:2:1 0 45 0 4 0 65 0 40 0 3 0 47 0 63 0 4 0 29 0 61 0 24 0 36 0 2
Go live	0:2:2:1 0 42 0 4 0 75 0 3 0 45 0 4 0 65 0 40 0 2
I live in Bangor	0:2:2:1 0 4 0 65 0 3 0 45 0 4 0 24 0 40 0 3 0 24 0 49 0 3 0 35 0 4 0 78 0 51 0 42 0 34 0 2
They live here	0:2:2:1 0 39 0 4 0 66 0 3 0 45 0 4 0 24 0 40 0 3 0 43 0 4 0 25 0 84 0 2
Settings\nGeneral\nAbout phone	2:2:2:1 0 56 0 4 0 22 0 58 0 24 0 51 0 61 0 7 0 2|2:2:2:1 0 44 0 4 0 22 0 49 0 34 0 30 0 45 0 7 0 2|0:2:2:1 0 30 0 35 0 4 0 77 0 58 0 3 0 41 0 4 0 75 0 49 0 2
Heading\n\nFirst sentence. Second one.	3:2:2:1 0 43 0 4 0 22 0 38 0 24 0 51 0 7 0 2|1:2:2:1 0 41 0 4 0 34 0 56 0 58 0 3 0 56 0 4 0 22 0 49 0 58 0 30 0 49 0 56 0 7 0 2|1:2:2:1 0 56 0 4 0 22 0 36 0 30 0 49 0 38 0 3 0 64 0 4 0 79 0 49 0 7 0 2
List:\n• item one\n- item two	2:2:2:1 0 45 0 4 0 24 0 56 0 58 0 12 0 2|2:2:2:1 0 4 0 65 0 58 0 30 0 47 0 3 0 64 0 4 0 79 0 49 0 7 0 2|0:2:2:1 0 4 0 65 0 58 0 30 0 47 0 3 0 58 0 4 0 29 0 2
Hello (world) again.	1:2:2:1 0 43 0 30 0 45 0 4 0 75 0 8 0 3 0 64 0 4 0 34 0 45 0 38 0 8 0 3 0 30 0 42 0 4 0 22 0 49 0 7 0 2
Learn more… Next	1:2:2:1 0 45 0 4 0 34 0 49 0 3 0 47 0 4 0 27 0 84 0 7 0 2|0:2:2:1 0 49 0 4 0 22 0 36 0 56 0 58 0 2
Learn more... link	0:2:2:1 0 45 0 4 0 34 0 49 0 3 0 47 0 4 0 27 0 84 0 8 0 3 0 45 0 4 0 24 0 51 0 36 0 2
Wait... what?!	1:2:2:1 0 64 0 4 0 66 0 58 0 8 0 3 0 64 0 4 0 79 0 58 0 9 0 2
Really?!?	1:2:2:1 0 84 0 4 0 24 0 45 0 25 0 9 0 2
Croeso — welcome: hi; there	0:2:1:1 0 4 0 36 0 54 0 72 0 6 0 56 0 26 0 8 0 3 0 64 0 4 0 22 0 45 0 36 0 30 0 47 0 12 0 3 0 43 0 24 0 11 0 3 0 39 0 4 0 22 0 84 0 2
a - b, c – d	0:1:1:1 0 20 0 8 0 3 0 4 0 35 0 25 0 8 0 3 0 4 0 22 0 36 0 8 0 3 0 4 0 38 0 25 0 2
Tudalen 1 o 3 • Page 1 of 3	0:2:2:1 0 58 0 32 0 6 0 4 0 38 0 20 0 6 0 45 0 22 0 49 0 3 0 4 0 79 0 49 0 3 0 4 0 75 0 3 0 58 0 84 0 4 0 65 0 8 0 3 0 53 0 4 0 66 0 44 0 3 0 64 0 4 0 79 0 49 0 3 0 4 0 79 0 40 0 3 0 59 0 84 0 4 0 25 0 2
Ffoniwch (01248) 382000 nawr.	1:1:1:1 0 4 0 41 0 26 0 6 0 49 0 74 0 37 0 3 0 38 0 24 0 47 0 3 0 4 0 32 0 49 0 3 0 4 0 38 0 69 0 3 0 4 0 53 0 22 0 38 0 6 0 64 0 20 0 54 0 3 0 4 0 73 0 59 0 3 0 4 0 58 0 54 0 25 0 3 0 4 0 73 0 59 0 3 0 4 0 38 0 69 0 3 0 38 0 24 0 47 0 3 0 38 0 24 0 47 0 3 0 38 0 24 0 47 0 3 0 4 0 49 0 77 0 54 0 7 0 2
Project information\n1 Commit\n0 Tags\n54 MiB Project Storage\nREADME	2:2:2:1 0 53 0 84 0 4 0 21 0 44 0 22 0 36 0 58 0 3 0 24 0 49 0 41 0 34 0 47 0 4 0 66 0 57 0 30 0 49 0 7 0 2|2:2:2:1 0 64 0 4 0 79 0 49 0 3 0 36 0 30 0 47 0 4 0 24 0 58 0 7 0 2|2:2:2:1 0 61 0 4 0 24 0 84 0 75 0 3 0 58 0 4 0 78 0 42 0 61 0 7 0 2|2:2:2:1 0 41 0 4 0 24 0 41 0 58 0 25 0 3 0 41 0 4 0 27 0 84 0 3 0 47 0 4 0 24 0 35 0 3 0 53 0 84 0 4 0 21 0 44 0 22 0 36 0 58 0 3 0 56 0 58 0 4 0 27 0 84 0 30 0 44 0 7 0 2|0:1:1:1 0 84 0 4 0 25 0 38 0 3 0 47 0 4 0 25 0 2
Mae'r cyfarfod (am 3) ar 12 Mawrth. Dewch!	1:1:1:1 0 4 0 47 0 70 0 54 0 3 0 36 0 30 0 6 0 4 0 40 0 20 0 54 0 6 0 40 0 26 0 38 0 8 0 3 0 4 0 20 0 47 0 3 0 4 0 58 0 54 0 25 0 8 0 3 0 20 0 54 0 3 0 30 0 3 0 38 0 71 0 6 0 4 0 39 0 22 0 42 0 6 0 40 0 22 0 38 0 3 0 26 0 3 0 4 0 40 0 77 0 54 0 59 0 7 0 2|1:1:1:1 0 4 0 38 0 67 0 37 0 10 0 2
Mae 3 o'r plant.\n\nShow 3 of 4.	3:1:1:1 0 47 0 70 0 3 0 4 0 58 0 54 0 25 0 3 0 4 0 26 0 54 0 3 0 4 0 53 0 45 0 20 0 49 0 58 0 7 0 2|1:2:2:1 0 57 0 4 0 75 0 3 0 59 0 84 0 4 0 25 0 3 0 4 0 79 0 40 0 3 0 41 0 4 0 27 0 84 0 7 0 2
“Quoted.” next	0:2:2:1 0 36 0 64 0 4 0 80 0 58 0 22 0 38 0 7 0 3 0 49 0 4 0 22 0 36 0 56 0 58 0 2
...	1:1:1:1 0 7 0 2
x	0:1:1:1 0 4 0 22 0 36 0 56 0 2
Iawn. OK. Da. Fine.	1:1:1:1 0 4 0 63 0 77 0 49 0 7 0 2|1:2:2:1 0 4 0 75 0 36 0 4 0 66 0 7 0 2|1:1:1:1 0 4 0 38 0 21 0 7 0 2|1:2:2:1 0 41 0 4 0 65 0 49 0 7 0 2
The weather is fine. Mae'r tywydd yn braf.	1:2:2:1 0 39 0 30 0 3 0 64 0 4 0 22 0 39 0 34 0 3 0 4 0 24 0 61 0 3 0 41 0 4 0 65 0 49 0 7 0 2|1:1:1:1 0 4 0 47 0 70 0 54 0 3 0 4 0 58 0 30 0 6 0 64 0 32 0 39 0 3 0 30 0 49 0 3 0 4 0 35 0 54 0 21 0 40 0 7 0 2
Diolch.\n\nHwyl!\nNos da	3:1:1:1 0 4 0 38 0 63 0 26 0 45 0 37 0 7 0 2|2:1:1:1 0 4 0 43 0 73 0 45 0 10 0 2|0:1:1:1 0 4 0 49 0 27 0 56 0 3 0 4 0 38 0 21 0 2
• Un\n• Dau\n• Tri	2:1:1:1 0 4 0 32 0 49 0 7 0 2|2:1:1:1 0 4 0 38 0 69 0 7 0 2|0:1:1:1 0 4 0 58 0 54 0 25 0 2
1.\n2.\n3.	2:1:1:1 0 4 0 32 0 49 0 7 0 2|2:1:1:1 0 4 0 38 0 69 0 7 0 2|1:1:1:1 0 4 0 58 0 54 0 25 0 7 0 2
Gwyliau (Awst) — dyddiadau: 3, 4 a 5.	1:1:1:1 0 4 0 42 0 64 0 30 0 45 0 6 0 63 0 69 0 8 0 3 0 4 0 77 0 56 0 58 0 8 0 3 0 38 0 30 0 39 0 6 0 4 0 63 0 21 0 6 0 38 0 69 0 12 0 3 0 4 0 58 0 54 0 25 0 8 0 3 0 4 0 53 0 22 0 38 0 6 0 64 0 20 0 54 0 3 0 20 0 3 0 4 0 53 0 32 0 47 0 53 0 7 0 2
Live Recognition\nUsing on-device intelligence, your iPhone can detect people, doors, scenes, text and furniture around you.\nTriple-tap with four fingers to start Live Recognition or use the Live\nRecognition Rotor.	2:2:2:1 0 45 0 4 0 65 0 40 0 3 0 84 0 22 0 36 0 30 0 42 0 49 0 4 0 24 0 57 0 30 0 49 0 7 0 2|2:2:2:1 0 63 0 4 0 29 0 61 0 24 0 51 0 3 0 4 0 21 0 49 0 3 0 38 0 24 0 40 0 4 0 65 0 56 0 3 0 24 0 49 0 58 0 4 0 22 0 45 0 30 0 44 0 30 0 49 0 56 0 8 0 3 0 63 0 4 0 27 0 84 0 3 0 4 0 65 0 41 0 75 0 49 0 3 0 36 0 4 0 78 0 49 0 3 0 38 0 24 0 58 0 4 0 22 0 36 0 58 0 3 0 53 0 4 0 25 0 53 0 30 0 45 0 8 0 3 0 38 0 4 0 27 0 84 0 61 0 8 0 3 0 56 0 4 0 25 0 49 0 61 0 8 0 3 0 58 0 4 0 22 0 36 0 56 0 58 0 3 0 30 0 49 0 38 0 3 0 41 0 4 0 34 0 49 0 24 0 60 0 34 0 3 0 34 0 4 0 77 0 49 0 38 0 3 0 63 0 4 0 29 0 7 0 2|1:2:2:1 0 58 0 84 0 4 0 24 0 53 0 30 0 45 0 3 0 58 0 4 0 78 0 53 0 3 0 64 0 4 0 24 0 39 0 3 0 41 0 4 0 27 0 84 0 3 0 41 0 4 0 24 0 51 0 42 0 34 0 61 0 3 0 58 0 4 0 29 0 3 0 56 0 58 0 4 0 21 0 84 0 58 0 3 0 45 0 4 0 65 0 40 0 3 0 84 0 22 0 36 0 30 0 42 0 49 0 4 0 24 0 57 0 30 0 49 0 3 0 4 0 27 0 84 0 3 0 63 0 4 0 29 0 61 0 3 0 39 0 30 0 3 0 45 0 4 0 65 0 40 0 3 0 84 0 22 0 36 0 30 0 42 0 49 0 4 0 24 0 57 0 30 0 49 0 3 0 84 0 4 0 75 0 58 0 34 0 7 0 2
Mae'r ddogfen hon yn esbonio sut i ddefnyddio'r ap ar eich ffôn bob dydd heb\nunrhyw broblem. Diolch.	1:1:1:1 0 4 0 47 0 70 0 54 0 3 0 4 0 39 0 26 0 42 0 6 0 40 0 22 0 49 0 3 0 4 0 43 0 26 0 49 0 3 0 30 0 49 0 3 0 22 0 56 0 6 0 4 0 53 0 26 0 49 0 6 0 63 0 26 0 3 0 4 0 56 0 32 0 58 0 3 0 24 0 3 0 39 0 22 0 40 0 6 0 4 0 49 0 30 0 39 0 6 0 63 0 26 0 54 0 3 0 20 0 53 0 3 0 20 0 54 0 3 0 66 0 37 0 3 0 4 0 41 0 27 0 49 0 3 0 4 0 35 0 27 0 35 0 3 0 4 0 38 0 33 0 39 0 3 0 43 0 23 0 35 0 3 0 4 0 32 0 49 0 6 0 55 0 76 0 3 0 4 0 35 0 54 0 26 0 35 0 6 0 45 0 22 0 47 0 7 0 2|1:1:1:1 0 4 0 38 0 63 0 26 0 45 0 37 0 7 0 2
Short heading\nA long wrapped line of prose that keeps going past forty characters\nand then ends here.	2:2:2:1 0 57 0 4 0 27 0 84 0 58 0 3 0 43 0 4 0 22 0 38 0 24 0 51 0 7 0 2|1:2:2:1 0 30 0 3 0 45 0 4 0 27 0 51 0 3 0 84 0 4 0 78 0 53 0 58 0 3 0 45 0 4 0 65 0 49 0 3 0 4 0 79 0 40 0 3 0 53 0 84 0 4 0 75 0 61 0 3 0 39 0 4 0 78 0 58 0 3 0 36 0 4 0 25 0 53 0 56 0 3 0 42 0 4 0 75 0 24 0 51 0 3 0 53 0 4 0 78 0 56 0 58 0 3 0 41 0 4 0 27 0 84 0 58 0 25 0 3 0 36 0 4 0 78 0 84 0 30 0 36 0 58 0 34 0 61 0 3 0 30 0 49 0 38 0 3 0 39 0 4 0 22 0 49 0 3 0 4 0 22 0 49 0 38 0 61 0 3 0 43 0 4 0 25 0 84 0 7 0 2
